"","Bernie_Counts","Biden_Counts","Kamala_Counts","Warren_Counts"
"ed",2973,11592,1267,3531
"na",1323,4472,584,1624
"era",423,1528,205,554
"national",94,310,47,140
"ho",1648,6001,695,2075
"pit",173,270,48,153
"raw",36,92,18,46
"sat",44,595,24,56
"reign",33,653,22,59
"peak",78,302,34,71
"family",22,569,21,37
"x",998,2363,344,1234
"sly",40,255,28,65
"quiet",6,10,1,4
"rough",85,371,49,103
"di",1809,6254,656,2163
"sum",61,198,25,100
"nd",4443,10139,1299,3673
"care",339,255,53,456
"light",42,200,24,65
"yo",421,1402,202,514
"warn",22,84,4,28
"em",1537,5167,610,1846
"logic",24,17,7,20
"warning",4,32,1,9
"primary",152,294,37,186
"prim",174,330,40,208
"focused",5,97,11,33
"ridiculous",5,25,0,6
"plain",65,523,32,107
"straightforward",2,8,1,11
"fu",401,1219,142,554
"vague",6,13,0,16
"call",281,2128,155,384
"ant",375,1484,159,560
"thin",317,1385,108,466
"thou",124,494,41,184
"con",762,3336,309,1025
"view",134,570,60,163
"lion",374,706,83,284
"candid",451,916,184,523
"edge",60,282,18,90
"project",11,16,2,12
"gain",153,876,84,253
"fun",171,423,43,234
"sit",217,820,80,318
"experience",38,97,19,20
"spent",26,81,13,32
"approach",39,50,6,44
"attend",27,52,33,40
"net",83,229,50,73
"attended",9,15,14,13
"hopeful",40,105,36,36
"anal",16,49,9,24
"sky",6,1548,10,11
"oral",31,42,5,12
"strong",69,146,23,70
"attempt",18,230,17,33
"strongest",5,21,2,5
"sabotage",1,7,1,1
"low",302,980,141,281
"weak",12,54,2,19
"format",16,278,10,31
"racy",21,193,10,25
"opponent",28,213,8,35
"bus",68,1038,45,80
"bad",18,116,9,27
"dealing",9,735,7,5
"whistle",3,513,37,6
"lower",38,535,42,31
"deal",36,929,22,46
"great",44,147,11,47
"cut",73,1268,84,111
"horrible",0,51,1,0
"stubborn",0,3,0,1
"born",3,20,4,7
"rival",61,413,17,93
"joys",4,9,1,1
"enjoy",8,21,5,8
"supposed",11,50,2,20
"suppose",11,52,4,22
"cue",1,6,1,0
"picnic",0,2,0,0
"lose",86,261,32,91
"closer",6,18,2,7
"worse",9,29,7,11
"racist",16,18,10,1
"whos",20,179,18,29
"fired",5,200,3,29
"quest",139,991,62,248
"center",22,160,13,30
"complaint",9,369,17,18
"explosive",0,18,1,1
"oh",48,156,38,72
"cover",92,208,17,55
"chief",11,83,12,26
"lame",8,28,9,6
"facing",9,69,5,18
"tragedy",0,17,1,1
"natural",6,279,4,3
"relate",19,199,12,8
"fat",14,511,9,11
"father",3,498,5,10
"stark",2,12,1,8
"contrast",14,38,1,28
"flash",0,6,0,2
"respective",15,11,6,8
"van",65,334,35,59
"advantage",21,58,7,21
"reveal",24,101,5,27
"losing",23,39,3,24
"surround",5,97,7,9
"definite",6,24,2,7
"half",43,119,9,30
"lone",14,48,4,14
"eyed",1,19,3,6
"best",60,151,16,70
"undeniable",1,1,1,0
"noted",31,96,11,33
"present",62,172,27,61
"represent",28,102,12,33
"gag",12,103,15,34
"gay",2,8,5,7
"familiar",8,109,4,16
"non",37,156,21,52
"disc",106,519,27,100
"discuss",37,389,19,43
"spend",54,127,41,55
"broadcast",6,38,7,9
"social",160,64,12,73
"realizes",0,1,0,0
"organize",15,16,13,15
"live",53,112,35,51
"eliminate",27,10,2,8
"drama",11,31,5,14
"avoid",11,65,2,23
"woke",0,6,2,4
"stern",4,189,2,11
"walk",11,57,10,9
"literal",7,14,0,3
"intense",3,14,0,6
"tense",5,24,1,8
"reality",14,33,2,19
"sic",37,76,21,41
"virtual",6,22,3,8
"statistic",1,6,2,2
"fav",60,220,17,71
"script",7,411,9,20
"active",14,48,7,12
"belong",2,11,2,0
"wrong",9,639,7,18
"impact",17,34,9,14
"lab",33,80,13,57
"nest",28,58,7,42
"formal",34,110,7,13
"young",47,249,11,31
"personal",32,354,16,28
"younger",19,182,3,10
"nature",32,17,4,19
"score",20,49,6,15
"life",41,81,17,29
"fresh",21,26,8,12
"ethic",0,91,0,7
"federal",40,81,11,39
"loud",13,18,1,14
"fortunate",9,10,1,4
"champ",16,11,1,18
"arrangement",0,25,1,0
"fellow",38,44,10,47
"effective",14,44,4,19
"minimum",10,13,1,6
"chased",2,4,0,3
"ship",33,179,20,41
"duo",1,1,1,1
"collect",12,46,4,9
"visit",35,113,4,19
"china",0,9,0,0
"confront",7,44,3,19
"minor",12,22,4,19
"representative",6,25,2,4
"rent",113,375,47,156
"review",13,51,26,24
"different",28,84,5,57
"influenced",1,20,3,0
"potential",26,304,12,47
"solid",8,31,3,19
"steady",3,16,1,17
"intent",3,34,3,8
"lackluster",1,9,0,0
"lack",54,237,78,72
"lust",5,27,0,7
"elevate",4,9,2,5
"gun",21,103,22,51
"bare",3,20,0,5
"funding",17,27,7,31
"wanted",15,162,11,24
"bottom",11,45,4,9
"flat",6,48,5,9
"scan",3,172,5,10
"sweet",0,17,0,2
"whats",1,19,0,1
"roof",4,24,2,6
"nothing",18,239,15,20
"proof",3,24,2,6
"easy",7,26,3,8
"teeth",0,6,0,0
"disappear",1,7,0,2
"diplomatic",2,46,0,1
"shut",6,25,13,8
"longs",19,29,5,15
"unique",12,8,2,8
"least",59,116,15,59
"fake",4,33,0,3
"sorry",1,10,1,10
"propaganda",0,10,0,0
"secure",5,61,3,6
"hilarious",0,1,0,0
"publish",7,59,2,25
"shed",61,385,19,85
"brought",12,85,13,14
"cant",54,99,11,44
"total",35,60,14,31
"positive",10,29,1,14
"root",32,51,2,36
"vocal",12,22,3,6
"persistent",3,9,0,4
"ethical",0,41,0,1
"wise",6,40,4,14
"surprising",8,19,3,5
"available",3,26,1,4
"remarkable",2,7,0,2
"behalf",6,61,2,5
"nary",19,31,6,7
"ordinary",5,23,4,4
"giant",2,35,4,34
"immediate",25,69,13,21
"context",1,41,2,4
"eaten",9,167,13,16
"uncertain",4,15,0,3
"referred",14,28,5,16
"guy",19,69,7,21
"famous",8,37,6,12
"leftist",5,3,1,10
"treat",22,45,6,26
"minute",16,84,7,37
"bundle",0,6,0,2
"save",11,12,4,11
"sf",51,99,10,39
"struggle",20,50,19,32
"performs",2,5,0,2
"overwhelming",6,20,1,10
"depend",32,58,13,34
"narrow",14,16,4,18
"prom",68,300,22,100
"guess",3,6,0,3
"kill",16,49,15,16
"seat",2,45,4,9
"pathetic",3,13,1,1
"trim",1,7,0,3
"shoot",6,32,14,6
"hoot",6,34,15,6
"essential",16,36,0,20
"confident",7,19,3,8
"welcome",7,14,3,2
"dismiss",17,124,2,19
"troubled",0,13,0,1
"individual",26,32,3,24
"obvious",11,50,10,25
"awful",1,49,2,2
"terrible",7,11,2,2
"supposedly",0,20,0,4
"love",16,37,16,24
"future",15,24,6,18
"unfortunately",1,3,0,2
"adult",4,16,6,5
"switch",3,6,4,4
"deep",11,60,19,34
"overt",8,26,7,16
"televised",3,25,0,3
"hammer",2,16,0,0
"important",24,81,9,39
"stab",33,81,6,31
"perceive",2,25,2,10
"embarrassing",0,3,3,3
"seventh",1,3,3,0
"greatest",3,10,3,6
"everyday",1,4,0,2
"rant",38,146,23,37
"pivotal",0,2,1,3
"larger",5,21,1,10
"touch",4,40,7,12
"complete",10,65,14,10
"sentiment",7,17,1,7
"lean",24,70,5,34
"protect",12,151,19,49
"defeat",35,39,5,19
"greed",35,43,8,16
"happy",11,29,3,6
"drum",1,44,4,3
"immigrant",3,9,8,12
"green",4,9,2,7
"economic",28,30,5,54
"tells",7,43,3,17
"unto",0,10,0,2
"wonder",6,40,10,11
"nobody",7,15,1,5
"accurate",4,41,2,6
"ultimate",10,43,2,15
"additional",24,20,2,17
"fail",14,92,31,41
"definitive",1,8,0,1
"gratuitous",0,1,1,0
"poor",10,67,10,9
"corporate",62,20,5,43
"passionate",4,8,2,2
"interrupted",1,9,1,5
"mediocre",2,3,0,0
"moderate",15,78,7,44
"highest",12,17,4,7
"mistake",9,48,3,16
"tumble",2,18,3,1
"stumble",2,17,0,1
"advanced",7,10,1,2
"winded",0,2,0,1
"shady",0,17,0,1
"mean",54,186,21,76
"understood",3,39,0,0
"true",17,85,8,34
"discern",0,6,0,0
"understands",8,7,1,1
"demonic",0,1,0,0
"explicit",5,113,3,19
"driven",2,17,0,7
"innocent",0,8,8,0
"none",5,39,5,11
"distant",12,7,3,6
"joke",5,28,15,14
"insult",1,12,3,1
"ego",13,49,5,16
"calm",1,6,0,6
"grand",4,13,5,3
"incredible",3,10,1,2
"biography",0,5,0,11
"friendship",2,5,1,2
"perfect",1,60,1,9
"boring",5,3,1,4
"conventional",3,6,0,3
"outstanding",5,3,0,1
"memorable",3,2,1,6
"bin",37,125,22,52
"lighthearted",0,1,0,0
"poverty",4,7,2,5
"comedic",0,1,0,0
"eldest",0,3,1,0
"aftermath",2,10,1,2
"bomb",3,16,2,1
"touched",1,15,0,1
"structural",7,3,1,22
"bold",4,14,4,12
"acting",8,78,8,9
"brutal",1,3,2,3
"daily",6,16,1,6
"lacked",0,4,1,4
"fragility",0,1,0,1
"popular",26,35,8,33
"sometimes",16,28,4,10
"servant",0,8,4,0
"fierce",6,10,1,2
"fine",9,34,3,11
"sends",0,6,1,1
"tempting",0,46,5,4
"grim",1,1,0,0
"scant",1,11,0,0
"civil",5,26,8,7
"norm",17,39,4,15
"latin",7,70,11,13
"slight",14,23,5,16
"abhorrent",1,6,0,1
"shameful",2,8,0,1
"dark",1,13,5,1
"urban",1,12,3,7
"suburban",1,4,0,6
"tighten",0,1,0,2
"tight",3,7,2,13
"southern",0,6,3,4
"demographic",2,7,1,7
"comfortable",3,23,0,10
"looked",4,44,6,7
"remote",1,5,0,1
"bag",5,10,3,3
"shower",4,3,0,1
"improve",5,11,3,16
"striking",9,19,3,15
"friendly",1,20,1,9
"blame",2,17,8,3
"promising",8,13,4,13
"dame",21,28,1,17
"upcoming",9,10,4,6
"small",35,44,11,50
"trust",26,39,4,24
"strict",24,38,25,32
"stronger",5,14,3,12
"noticeable",1,1,1,2
"dear",2,2,0,0
"scare",19,8,5,7
"modern",11,8,1,5
"oldest",18,6,3,7
"legitimate",2,37,0,1
"automatic",2,8,1,1
"notable",2,14,4,2
"emotional",1,7,4,0
"fabric",4,19,1,1
"congratulate",0,9,2,0
"terrorist",3,8,0,2
"justice",24,53,53,23
"mess",48,158,11,38
"sensitive",2,13,1,2
"award",2,7,23,6
"write",17,63,3,39
"dream",6,8,0,29
"problematic",3,13,1,4
"operate",4,30,4,3
"icon",6,7,2,19
"works",4,47,5,13
"counterpart",2,91,2,1
"deter",10,41,6,17
"email",21,66,8,20
"spark",9,37,6,7
"swift",3,11,1,3
"handsome",0,16,1,0
"eastern",1,36,0,3
"applied",0,32,0,2
"dishonest",0,19,0,12
"contacted",0,10,0,1
"observed",2,9,2,1
"cry",2,26,1,9
"spare",6,40,1,11
"outfit",0,3,0,0
"faced",23,90,7,42
"excellent",6,4,0,2
"boss",1,16,2,4
"sponsor",19,16,15,12
"removed",4,57,8,3
"helps",6,7,0,7
"web",14,13,2,18
"sacred",0,4,0,0
"document",10,126,7,19
"looks",13,34,4,14
"interpreted",1,9,2,0
"damn",19,18,1,3
"worst",1,11,0,9
"transparent",4,12,0,7
"supporting",11,24,3,14
"inspired",3,4,1,4
"betrayal",1,5,1,3
"prominent",15,24,2,6
"faith",2,8,7,14
"instrumental",0,4,0,0
"instrument",0,6,0,0
"overcome",1,3,1,7
"broader",9,18,2,12
"unprecedented",1,30,0,1
"utilized",0,2,0,1
"appropriate",16,142,4,17
"survive",0,10,0,0
"bother",4,9,0,5
"frankly",2,8,6,3
"mainstream",7,14,1,9
"dialog",1,3,0,0
"credibility",0,40,0,3
"nose",10,8,1,5
"neat",0,8,0,4
"okay",0,19,1,0
"hid",49,31,2,8
"patient",11,4,4,0
"seamy",0,1,0,0
"granted",1,5,1,3
"businessman",5,22,9,4
"theory",5,104,2,5
"weekly",1,3,0,0
"simple",3,21,0,12
"enormous",6,8,1,5
"alike",0,3,1,1
"deserved",0,7,0,0
"promote",9,25,3,8
"material",0,28,1,3
"inappropriate",1,82,2,9
"surprise",12,30,6,22
"thrown",2,5,1,1
"misleading",0,14,1,3
"paint",5,9,0,6
"forceful",2,17,2,7
"discernible",0,3,0,0
"disagree",18,14,8,16
"leak",5,12,0,26
"subsequent",0,18,4,2
"float",7,11,0,2
"mutual",0,2,0,1
"invite",8,26,3,7
"unwilling",0,15,0,5
"bunch",1,7,2,2
"optical",0,1,0,0
"chest",62,26,1,19
"investigative",0,14,1,0
"powerful",15,22,6,20
"rounded",0,7,8,3
"innocence",0,10,0,0
"iconic",1,1,0,1
"domestic",2,27,2,5
"explore",2,2,2,2
"furious",3,5,0,2
"internal",7,31,7,6
"editorial",2,16,0,2
"yeah",1,2,0,0
"freak",0,2,0,1
"inner",23,14,5,16
"stick",3,16,1,5
"screams",0,2,0,0
"sensational",0,1,0,0
"thoroughly",0,5,0,1
"kindly",0,2,0,2
"accessible",5,5,2,0
"ride",5,17,7,12
"northern",0,12,0,1
"necessary",6,22,2,17
"classic",0,8,1,3
"purposeful",0,3,0,1
"bias",4,12,3,0
"sex",15,13,26,28
"stunning",0,7,1,0
"profound",2,8,0,2
"probable",0,1,0,2
"retired",4,4,0,12
"ranch",2,4,5,2
"tired",13,6,0,18
"sucked",0,7,0,0
"somewhere",0,5,1,4
"silent",0,18,0,2
"synonymous",1,1,0,0
"impressive",10,5,2,10
"absent",3,7,4,2
"unfold",0,10,1,2
"artist",0,1,4,0
"drowsy",0,1,0,0
"lifetime",6,6,0,1
"nonsense",5,10,1,0
"marvel",0,4,0,0
"unbelievable",0,1,0,1
"believable",0,1,0,1
"ugly",0,3,0,0
"vicious",1,5,1,0
"journalistic",0,8,0,0
"chuckle",2,4,0,0
"undercover",0,2,0,0
"convict",14,10,6,8
"dated",12,25,2,5
"comparable",1,1,0,0
"unusual",2,21,1,6
"opposite",5,7,2,2
"desire",4,37,8,5
"extraordinary",3,21,3,1
"ambiguous",0,2,2,0
"loved",1,4,3,4
"hated",0,1,0,0
"surprised",3,11,3,14
"proud",18,13,8,4
"offensive",3,10,4,6
"utterly",0,4,0,0
"nefarious",0,6,0,0
"fateful",0,2,0,0
"sacrifice",1,4,2,1
"daddy",0,2,0,0
"unnamed",1,7,1,0
"nevertheless",2,2,0,0
"load",0,10,7,0
"stylish",0,1,0,0
"tremendous",4,14,3,2
"timid",2,9,3,3
"melancholy",0,1,0,0
"painful",0,3,1,7
"touching",1,5,0,2
"fragile",0,3,0,0
"reap",3,3,0,3
"frozen",0,19,0,1
"enable",3,12,0,1
"interact",2,31,0,4
"repugnant",1,2,0,0
"pour",2,3,3,2
"fearless",1,1,2,1
"spy",1,2,2,0
"flip",4,13,3,5
"negotiate",4,8,0,4
"trash",1,4,1,2
"discovered",1,5,0,1
"tale",4,19,1,8
"stale",0,5,0,0
"ethereal",0,1,0,0
"walked",5,13,5,4
"beautiful",0,3,1,0
"andy",1,15,1,7
"murdered",0,2,0,0
"historic",11,13,15,10
"adulthood",0,1,0,0
"march",9,9,4,4
"rational",7,27,2,9
"controversial",7,43,5,5
"archive",9,7,0,3
"worship",0,1,0,1
"continuous",0,2,0,0
"detract",0,4,2,1
"color",13,12,17,16
"pray",9,5,5,0
"delve",1,2,0,0
"crucial",7,25,3,8
"certainty",5,5,0,4
"enjoyed",3,6,1,3
"rifle",1,5,0,0
"advice",7,16,1,7
"uber",3,4,2,6
"blend",0,1,0,0
"favorite",6,19,1,16
"underdog",1,1,0,1
"matched",2,2,2,4
"effectiveness",0,2,0,0
"aforementioned",1,3,0,1
"underlying",0,8,2,2
"neglect",2,2,1,2
"fought",5,6,4,13
"affect",15,24,6,14
"affected",3,6,3,6
"fool",4,6,1,1
"flamboyant",0,1,0,0
"diagnosed",7,3,1,4
"widespread",1,12,9,0
"ideal",5,5,3,5
"clearer",5,2,0,1
"dumb",11,5,0,0
"stupid",0,6,0,1
"vulnerable",2,10,2,7
"unanswered",0,4,0,0
"tragic",2,4,2,0
"drunk",0,3,1,0
"pathological",4,1,0,0
"determined",5,10,2,7
"tribute",11,28,6,7
"hill",6,15,7,8
"horror",1,2,0,1
"diminish",6,3,0,2
"precious",1,1,0,2
"incestuous",0,1,0,0
"astonishing",2,5,0,0
"wary",0,9,0,1
"learned",6,39,2,6
"hefty",3,1,0,0
"guilt",2,17,3,0
"signature",16,4,2,19
"rural",4,4,3,11
"solitary",0,4,0,0
"captured",1,3,1,5
"saved",1,2,0,1
"wondering",0,11,2,2
"inept",0,13,0,0
"urgent",8,12,1,3
"unhappy",1,5,0,0
"intensity",2,3,0,4
"portrayal",0,1,0,0
"gentle",0,1,0,1
"unstoppable",0,1,0,0
"dread",1,1,0,3
"ripe",0,4,0,0
"vivid",1,6,0,1
"unexpected",2,3,0,0
"loyalty",4,10,0,4
"loyal",13,23,0,7
"drone",0,1,0,0
"sole",4,19,4,2
"lake",1,11,1,3
"warm",7,14,0,9
"idiot",2,7,0,1
"steadily",4,5,1,14
"sincere",2,2,0,1
"props",2,0,0,1
"skip",4,2,5,1
"disappointed",1,9,1,4
"tour",25,7,10,8
"identify",13,3,1,8
"tear",1,8,3,0
"fart",4,1,0,1
"scary",2,0,0,2
"earliest",6,1,0,2
"robust",7,5,2,6
"energetic",5,2,0,3
"vibrant",2,0,1,0
"undergoing",5,2,0,0
"blitz",1,5,4,0
"speculative",1,1,0,0
"drastic",7,5,2,3
"doctors",38,0,0,0
"pleasure",2,2,0,0
"heartfelt",2,1,0,0
"pleased",7,0,0,0
"dubbed",7,1,1,0
"tighter",1,2,1,3
"outsider",3,5,0,3
"marijuana",41,3,6,3
"vigorous",18,7,2,4
"unjust",1,0,0,0
"subtle",3,5,0,2
"cheap",4,5,0,3
"mixed",3,7,4,4
"sympathetic",2,6,0,1
"pays",9,1,0,4
"existential",4,3,4,17
"pioneer",4,1,3,1
"sweeping",19,7,0,6
"sweep",24,7,0,7
"frenetic",5,1,0,0
"dysfunctional",4,3,0,1
"engagement",2,4,1,1
"flesh",2,1,0,3
"endless",6,4,0,3
"ingenuous",2,1,2,2
"documentary",6,2,1,1
"blunt",7,9,2,3
"human",22,16,5,15
"recognize",8,6,3,2
"bum",2,9,5,2
"conscious",1,4,0,1
"diverse",6,4,2,1
"install",2,1,1,0
"buys",1,4,1,2
"downhill",1,0,0,0
"rare",7,13,3,9
"sophisticated",2,0,0,5
"absurd",5,5,0,5
"hometown",7,5,1,0
"sharp",12,24,2,15
"youtube",1,0,0,0
"formidable",7,5,2,5
"sexist",6,0,1,2
"gross",3,18,2,0
"flaws",1,1,0,1
"greater",9,12,0,10
"maximum",4,4,0,5
"glad",5,1,4,1
"authentic",4,2,0,4
"territory",1,8,1,0
"revolutionary",5,1,1,1
"category",4,3,0,1
"gory",4,5,0,1
"eradicate",1,0,0,0
"understanding",4,21,2,5
"respectful",2,0,0,1
"decent",6,7,1,1
"hardest",2,1,0,0
"apprentice",1,0,0,1
"convicted",2,7,3,2
"deeper",3,2,0,5
"ruthless",1,0,2,1
"accomplished",1,2,1,1
"endear",2,0,0,0
"inspiring",1,1,2,1
"vulgar",3,1,0,0
"ugliness",3,0,0,0
"remake",1,1,0,1
"dispose",2,0,0,1
"courageous",1,2,2,0
"derogatory",1,2,0,0
"dystopian",1,0,0,0
"educated",7,1,1,13
"environmental",5,13,4,24
"powerless",2,0,1,0
"happiness",1,0,0,0
"nominated",2,1,1,5
"genuine",8,9,0,3
"impressed",4,3,0,7
"downtown",3,1,1,1
"delighted",4,1,1,1
"stalwart",2,2,0,0
"traditional",8,10,2,23
"beloved",1,1,0,1
"commanding",3,4,0,3
"united",1,5,0,3
"contempt",1,2,1,1
"anniversary",2,5,0,3
"singing",1,0,0,1
"switched",0,1,1,1
"liked",3,4,1,5
"farmer",1,0,1,4
"cultural",1,0,2,6
"combination",2,2,0,2
"extremist",1,0,0,1
"imaginable",0,0,1,2
"academic",1,2,0,11
"mercenary",0,0,0,1
"vile",1,7,6,2
"peep",0,0,0,1
"uncharacteristic",1,0,1,6
"phase",4,8,2,7
"exploitation",0,0,4,1
"deliberate",1,4,0,2
"berate",1,6,0,2
"interior",0,0,0,3
"unnecessarily",0,0,0,6
"thirty",0,0,0,1
"encouraging",2,16,0,3
"rental",2,2,0,1
"orthodox",0,1,0,4
"censorship",0,1,0,2
"marry",0,0,1,6
"physical",7,5,3,8
"grateful",1,0,2,10
"pregnant",0,0,1,51
"chronic",1,3,1,1
"colonial",0,0,0,1
"tony",1,1,0,1
"complex",2,7,1,7
"thoughtful",0,1,0,4
"disabled",0,0,1,2
"educational",0,1,0,2
"industrial",0,4,1,7
"wonderful",0,4,4,1
"delete",1,0,1,8
"considerable",4,4,0,5
"unsuccessful",2,3,0,2
"bleak",0,0,0,1
"knowledgeable",0,1,0,3
"reminiscent",1,2,0,2
"smile",2,6,3,4
"temporary",1,3,0,4
"analyzed",0,1,0,2
"genius",0,1,0,2
"convoluted",0,3,0,1
"clash",4,12,0,11
"nick",3,10,0,4
"rightful",0,1,0,3
"matriarch",0,0,0,1
"intricate",0,0,0,1
"epic",3,9,1,1
"magical",3,2,0,2
"magic",4,3,0,3
"elementary",0,0,0,7
"tangible",1,2,0,3
"terrific",0,1,0,2
"nightclub",0,0,0,1
"unravel",0,1,0,2
"vindictive",0,0,0,1
"dismal",1,0,0,1
"recast",0,2,0,2
"emphasizes",0,1,0,1
"electronic",0,0,1,1
"achievement",1,5,1,4
"disappointing",0,6,1,5
"imprisoned",0,3,0,1
"peculiar",0,0,0,3
"rife",0,2,0,1
"competent",0,6,0,5
"bent",2,9,0,7
"wry",0,0,2,0
"childhood",1,0,2,1
"tears",0,2,3,0
"transport",1,2,2,0
"plastic",0,1,4,1
"trained",0,2,2,4
"unrest",0,2,1,3
"amazing",0,4,2,0
"ignorant",0,3,1,0
"wild",0,11,1,6
"intimate",0,3,3,0
"overheard",0,1,2,1
"slap",1,0,3,1
"modest",6,6,2,5
"images",4,3,2,1
"blatant",0,4,2,0
"inspect",0,33,5,0
"magnificent",0,0,1,0
"patriotic",0,1,2,2
"scam",1,5,1,0
"porn",0,0,1,0
"depiction",0,2,1,0
"oriented",1,1,1,2
"visual",1,0,3,0
"wrestle",0,2,3,1
"athlete",0,0,1,0
"landmark",0,0,2,0
"accidental",1,7,1,0
"frustrating",0,0,1,0
"relish",0,4,1,0
"insistent",0,3,0,0
"lovely",0,4,0,0
"paused",1,5,0,2
"dry",6,7,0,5
"raucous",1,4,0,3
"summary",1,20,1,0
"dynamic",5,18,1,6
"dazzling",0,1,0,1
"perspective",4,6,2,6
"truths",1,2,0,1
"awe",1,5,2,4
"square",1,7,2,5
"grapple",0,4,0,3
"influential",3,7,1,5
"stable",3,3,1,0
"heartbreak",0,1,1,0
"displayed",0,2,0,1
"lavish",0,5,1,1
"reasonable",6,8,0,4
"satiric",0,2,0,0
"recommend",4,11,3,2
"essence",0,7,0,1
"shy",0,12,1,4
"insulting",0,2,0,0
"scandalous",0,2,0,0
"messy",0,2,0,0
"futile",0,1,0,0
"trait",0,13,1,4
"legendary",0,2,0,3
"methodical",1,4,0,0
"someday",1,4,0,0
"squeaky",0,6,0,0
"cleaner",1,2,0,0
"ludicrous",0,1,0,0
"elegant",0,1,0,1
"casual",2,6,1,1
"plot",0,18,0,0
"ramble",2,6,0,2
"navigate",0,8,2,1
"slightest",0,1,0,0
"defiant",1,9,0,1
"monetary",0,1,0,0
"unspoken",0,2,0,0
"verve",0,1,0,0
"keen",0,2,0,0
"unfit",0,7,1,0
"reserved",0,4,0,3
"ulterior",0,1,0,0
"tad",0,1,0,2
"unpredictable",1,6,0,0
"predictable",1,7,1,2
"verbal",2,13,0,1
"chew",3,1,0,5
"mobile",3,1,0,2
"economical",2,1,0,6
"waitress",2,0,0,3
"traced",2,0,0,0
"embodiment",2,0,0,1
"satisfied",4,5,1,4
"ruined",4,1,0,0
"wider",1,4,1,3
"humane",1,0,1,0
"decisive",3,1,1,0
"thrust",4,5,1,0
"showdown",4,4,0,3
"confidante",2,0,0,0
"adjust",3,3,0,2
"volatile",2,2,0,1
"callous",1,0,0,0
"bitter",4,5,0,2
"shine",2,8,1,2
"polar",4,2,0,4
"clinic",1,0,0,0
"revamped",1,0,0,0
"smaller",6,7,1,12
"appreciate",4,7,3,6
"lengths",1,2,0,0
"compelling",3,7,5,5
"newest",2,3,1,3
"married",4,8,1,7
"hottest",0,0,0,1
"standout",1,1,1,2
"unnoticed",0,2,0,2
"integrate",0,3,1,2
"integrated",0,1,0,2
"triple",2,2,4,2
"failure",1,21,0,9
"evenings",0,0,0,1
"separated",0,2,0,4
"recite",0,2,0,1
"remembered",0,5,0,6
"provocative",0,0,1,1
"antagonist",0,2,0,5
"rapid",2,12,1,2
"predicament",0,0,0,1
"dreams",0,1,0,2
"universe",1,4,0,4
"gradual",0,4,0,2
"paced",3,1,1,1
"unexplained",0,0,0,2
"jockey",0,0,0,1
"thematic",1,0,0,2
"jock",0,0,1,1
"mathematical",0,0,0,1
"drift",0,0,0,3
"reflective",0,0,2,0
"brisk",0,1,1,1
"junior",1,2,4,1
"animated",0,4,2,2
"invent",0,7,1,1
"stretched",0,0,1,0
"vintage",2,0,1,0
"empty",1,0,2,0
"recommended",2,1,2,1
"basketball",0,2,1,0
"sublime",0,0,1,0
"fascinating",0,4,2,1
"monster",0,1,1,0
"haired",0,2,0,0
"compassionate",1,1,2,0
"vocabulary",0,1,0,0
"classy",0,1,0,0
"chaotic",0,2,0,0
"carnival",0,1,0,0
"inexorable",0,2,0,0
"sequel",0,2,3,0
"whirlwind",0,5,0,0
"invaluable",0,1,0,0
"unintentional",0,1,0,1
"stellar",0,1,0,0
"broaden",0,4,0,3
"rewrite",0,1,0,0
"unfolding",0,3,1,1
"ferocious",0,1,1,0
"epitome",0,1,0,0
"fox",0,1,0,0
"madness",0,2,0,0
"unpleasant",0,1,0,1
"pleasant",0,1,0,2
"tepid",1,3,0,0
"generous",4,4,0,1
"sung",0,2,0,0
"unveiling",2,2,0,3
"crappy",0,1,0,1
"scrappy",0,1,0,1
"slippery",0,1,0,0
"clan",0,3,0,0
"characterized",1,8,1,1
"impulsive",0,2,0,0
"atmosphere",2,2,0,1
"zombie",0,2,0,0
"portrays",0,1,0,0
"inexplicable",0,1,0,0
"homicide",0,1,1,0
"stupidest",0,1,0,0
"monumental",0,1,0,0
"brilliant",0,1,2,1
"photographed",0,1,1,0
"eleven",0,1,1,0
"appreciated",1,2,2,1
"impassioned",2,1,1,0
"potty",0,1,0,0
"resentment",0,2,0,2
"spectacular",0,2,1,0
"imposing",0,1,0,3
"compelled",0,2,1,0
"concert",2,4,0,1
"distorted",0,1,0,0
"amiable",0,1,0,0
"laughable",0,3,0,0
"engulf",0,3,0,0
"slice",0,1,0,1
"arranged",0,5,0,0
"childish",0,1,0,0
"incapable",1,2,0,0
"colorful",0,2,0,2
"goodbye",0,1,0,0
"draws",3,2,1,2
"cryptic",1,1,0,0
"dumbest",2,0,0,0
"peaked",1,0,0,0
"efficient",1,0,0,2
"destruction",3,1,0,3
"unnecessary",3,1,1,3
"experiment",1,1,1,1
"psychologist",2,1,0,0
"egotistical",1,0,0,0
"innumerable",1,0,0,0
"unforgivable",1,0,0,0
"midwest",1,2,0,2
"elderly",3,0,0,1
"bike",1,1,0,0
"arrival",1,2,0,1
"bash",5,4,0,3
"reborn",2,0,0,0
"starving",1,0,0,0
"spiritual",3,0,0,0
"lovable",1,0,0,0
"dump",2,2,1,1
"refreshing",1,0,1,0
"episodes",2,4,0,2
"twisted",1,0,1,1
"realistic",6,3,1,5
"seriousness",0,1,0,4
"camouflage",0,0,0,1
"charm",0,1,0,3
"inconsequential",0,0,0,1
"lemonade",0,0,0,2
"irrelevant",0,6,0,1
"smooth",0,1,0,1
"proverbial",0,1,0,1
"pitiful",0,0,0,1
"graphical",0,0,0,1
"autobiographical",0,0,0,1
"tedious",0,0,0,1
"charismatic",1,0,1,1
"intelligent",0,0,0,2
"outward",0,1,1,1
"stoic",0,0,1,1
"epiphany",0,1,0,2
"saddle",0,0,0,1
"parallel",2,5,0,3
"frontal",0,2,0,1
"gunshot",0,0,1,0
"kindness",0,0,4,0
"lesbian",0,1,1,1
"poignant",0,1,1,0
"ankle",0,1,2,0
"technicality",0,0,1,0
"revered",0,0,1,0
"consumed",0,4,2,0
"unrealistic",2,1,1,2
"unreal",2,1,1,2
"consecutive",0,1,2,1
"streak",0,0,1,0
"forest",3,1,0,0
"derivative",1,0,0,0
"billed",2,2,0,0
"smallest",0,1,0,1
"lazy",0,1,0,1
"delicate",1,7,0,1
"retrospective",0,1,0,0
"insightful",0,0,1,2
"reboot",1,5,3,0
"detour",0,1,0,0
"plight",0,1,0,0
"lowest",2,2,0,4
"defy",0,2,1,0
"poorly",0,5,0,1
"noise",0,2,0,2
"premise",4,4,1,3
"amidst",0,1,0,0
"lighten",0,2,0,0
"watchable",0,2,1,0
"shoddy",0,1,0,0
"naked",0,1,0,1
"lucky",0,2,0,0
"harrowing",1,1,0,0
"nostalgic",0,1,0,0
"random",0,1,0,0
"instant",1,2,1,3
"singular",0,3,0,1
"suitable",0,2,0,1
"savior",0,2,0,0
"restored",2,3,0,0
"yesteryear",0,2,0,0
"winter",0,1,1,1
"wardrobe",0,1,0,0
"uncommon",1,1,0,0
"delicious",0,1,0,0
"impulse",0,3,0,1
"nonexistent",1,3,0,0
"implausible",2,3,0,0
"affluent",2,1,0,3
"nascent",1,1,0,1
"distinctive",1,0,0,1
"psychological",2,0,1,1
"palpable",1,1,0,2
"frantic",1,1,0,0
"lush",4,0,0,0
"demolish",0,0,0,1
"prey",0,0,0,3
"adventure",0,1,0,1
"lifestyle",2,1,0,1
"gamble",0,1,1,1
"satisfying",0,0,0,1
"satisfy",0,1,0,2
"uplifting",0,1,0,1
"meteoric",0,0,0,1
"useless",0,0,0,1
"faithful",0,1,0,1
"crisp",0,0,0,1
"infinite",0,0,0,2
"sleeve",0,0,0,1
"momentary",0,0,1,0
"genteel",0,1,0,0
"knife",0,2,2,0
"jealous",0,1,0,0
"underline",1,1,0,0
"accent",0,1,0,0
"whereabouts",0,1,0,0
"elusive",0,1,0,0
"feisty",2,1,0,1
"electrical",0,1,0,0
"undercurrent",0,1,0,0
"ensemble",0,1,0,0
"generic",0,6,0,1
"cerebral",0,2,0,0
"bubble",0,3,0,0
"prolific",0,1,0,1
"needle",1,1,0,0
"memoir",0,3,1,5
"choppy",0,1,0,0
"sniper",1,0,0,1
"fantastic",1,1,0,1
"imaginary",1,1,0,0
"youthful",5,1,0,1
"prophet",2,0,0,1
"disown",0,0,0,1
"classical",0,0,0,2
"polished",0,0,0,1
"polish",0,0,0,1
"nightmarish",0,0,0,1
"musical",0,1,0,1
"superb",0,0,0,1
"stranger",0,2,0,1
"downside",0,0,0,2
"export",0,2,4,2
"jean",0,0,1,1
"prevail",1,3,2,3
"imagery",0,0,1,0
"detective",0,0,1,0
"unknowns",0,2,0,0
"lieutenant",1,3,0,0
"irascible",1,0,0,0
"extinct",0,0,0,1
"satellite",0,1,0,0
"cynical",0,1,0,0
"giddy",0,1,0,0
"romantic",0,2,0,0
"personable",0,1,0,0
"lighter",0,1,0,1
"underappreciated",0,1,0,0
"nastiest",0,1,0,0
"suburbs",1,3,1,0
"narcissistic",0,2,0,0
"onset",0,1,1,0
"monkey",0,1,0,0
"advertised",1,1,0,0
"click",0,3,1,1
"proceeded",0,1,0,0
"silly",0,1,0,0
"vertical",0,1,0,0
"sluggish",0,1,0,0
"realm",0,1,0,0
"morale",0,4,0,0
"witty",0,1,0,0
"sunshine",0,1,0,0
"behavioral",0,2,0,0
"swallow",0,3,0,0
"coarse",0,4,0,0
"lukewarm",0,1,0,0
"bevy",0,1,0,0
"combines",0,1,0,0
"tyrant",1,5,0,0
"amateurish",0,1,0,0
"amateur",0,1,0,0
"nonsensical",0,1,0,1
"peaceful",0,1,0,0
"sunrise",0,1,0,0
"gamut",1,1,0,0
"careless",0,1,0,0
"indy",0,2,0,0
"ridiculousness",0,1,0,0
"nutty",0,1,0,0
"depicted",0,1,0,0
"exceptional",0,1,1,0
"noir",0,1,0,0
"schoolyard",0,1,0,0
"fairytale",0,1,0,0
"fairy",0,1,0,0
"minimal",1,1,0,1
"optimistic",1,3,0,1
"burnish",0,1,0,0
"annoyed",0,1,0,0
"slack",2,1,0,2
"virulent",0,1,0,0
"fictitious",0,1,0,0
"nausea",0,1,0,0
"relaxed",0,1,0,1
"sadness",0,1,0,0
"darkest",0,1,0,0
"compressed",0,1,0,0
"dealt",1,1,0,1
"assaults",0,1,0,0
"appreciative",0,1,0,0
"rockin",0,1,0,0
"unheard",0,1,0,1
"unfamiliar",0,1,0,0
"wistful",0,1,0,0
"deplorable",0,1,0,0
"makeup",0,1,0,0
"admired",0,1,0,0
"lonely",1,1,0,2
"hyped",0,1,0,0
"exile",0,1,0,0
"clumsy",0,1,0,0
"scoundrel",0,1,0,0
"stillness",0,1,0,0
"repetitive",0,1,0,0
"subconscious",0,1,0,0
"upbeat",0,1,0,0
"limo",0,1,0,0
"stereotypical",0,1,0,0
"reconcile",0,1,0,0
"pointless",0,1,0,0
"cheese",0,1,1,2
"paraphrase",0,1,0,0
"irresistible",0,1,0,0
"gritty",0,1,0,0
"reunite",1,0,0,0
"caricature",1,0,0,0
"tricky",2,0,0,2
"spoof",1,0,0,0
"glimpse",1,0,0,0
"adapted",1,0,0,0
"fantasy",1,0,0,0
"celebratory",1,0,0,0
"poem",1,0,0,0
"outer",1,0,0,0
"beauty",1,0,1,0
"inimitable",1,0,0,0
"studied",1,0,0,2
"visceral",1,0,0,0
"mistrust",1,0,0,0
"purse",1,0,0,1
"umpteen",1,0,0,0
"fulfillment",1,0,0,0
"sloppy",1,0,0,1
"uncompromising",1,0,0,1
"runaway",1,0,0,0
"meticulous",0,0,0,1
"inhuman",0,0,0,1
"perceptive",0,0,0,1
"scariest",0,0,0,1
"simpler",0,0,0,1
"interplay",0,0,0,1
"torment",0,0,0,2
"dreadful",0,0,0,2
"exuberant",0,0,0,2
"stuffy",0,0,0,2
"underwear",0,0,0,2
"contemporary",0,0,0,2
"rumble",0,0,0,1
"offbeat",0,0,0,1
"operatic",0,0,0,1
"theatrical",0,0,0,1
"vampire",0,0,0,1
"doubtless",0,0,0,1
"token",0,0,0,1
"feuding",0,0,0,1
"german",0,0,0,1
"portrait",0,0,0,1
"plentiful",0,0,0,1
"danced",0,0,1,0
"surreal",0,0,1,0
"outcast",0,0,1,0
"climactic",0,0,1,0
"pessimistic",0,0,1,0
"underrated",0,0,1,0
"darker",0,0,2,0
"ninth",0,0,1,0
"retarded",0,0,2,0
"riveting",0,0,1,0
"toys",0,0,1,0
"hybrid",0,0,1,0
"overact",0,0,1,0
"meek",0,0,1,0
"lyrical",0,0,1,0
"poetic",0,0,1,0
"poet",0,0,1,0
"richness",0,0,1,0
"dreary",0,0,1,0
"understated",0,0,1,0
"favour",0,0,2,0
"descendant",0,0,1,0
